PDB,Entity,Chain ID,UniProt AC,UniProt ID,HETATM,Resolution,Method
9eih,1,C,Q15388,TOM20_HUMAN,PC1,3.10,EM
9eih,1,D,Q15388,TOM20_HUMAN,PC1,3.10,EM
9eih,2,E,P45880,VDAC2_HUMAN,PC1,3.10,EM
9eih,2,F,P45880,VDAC2_HUMAN,PC1,3.10,EM
9eih,3,G,O96008,TOM40_HUMAN,PC1,3.10,EM
9eih,3,H,O96008,TOM40_HUMAN,PC1,3.10,EM
9eih,3,I,O96008,TOM40_HUMAN,PC1,3.10,EM
9eih,3,J,O96008,TOM40_HUMAN,PC1,3.10,EM
9eih,4,K,Q8N4H5,TOM5_HUMAN,PC1,3.10,EM
9eih,4,L,Q8N4H5,TOM5_HUMAN,PC1,3.10,EM
9eih,4,Y,Q8N4H5,TOM5_HUMAN,PC1,3.10,EM
9eih,4,Z,Q8N4H5,TOM5_HUMAN,PC1,3.10,EM
9eih,5,M,Q9P0U1,TOM7_HUMAN,PC1,3.10,EM
9eih,5,N,Q9P0U1,TOM7_HUMAN,PC1,3.10,EM
9eih,5,W,Q9P0U1,TOM7_HUMAN,PC1,3.10,EM
9eih,5,X,Q9P0U1,TOM7_HUMAN,PC1,3.10,EM
9eih,6,O,Q96B49,TOM6_HUMAN,PC1,3.10,EM
9eih,6,P,Q96B49,TOM6_HUMAN,PC1,3.10,EM
9eih,6,U,Q96B49,TOM6_HUMAN,PC1,3.10,EM
9eih,6,V,Q96B49,TOM6_HUMAN,PC1,3.10,EM
9eih,7,Q,Q9NS69,TOM22_HUMAN,PC1,3.10,EM
9eih,7,R,Q9NS69,TOM22_HUMAN,PC1,3.10,EM
9eih,7,S,Q9NS69,TOM22_HUMAN,PC1,3.10,EM
9eih,7,T,Q9NS69,TOM22_HUMAN,PC1,3.10,EM
9eih,8,A,Q9BXM7,PINK1_HUMAN,PC1,3.10,EM
9eih,8,B,Q9BXM7,PINK1_HUMAN,PC1,3.10,EM
9eii,1,B,Q9BXM7,PINK1_HUMAN,PC1,2.75,EM
9eii,2,D,Q15388,TOM20_HUMAN,PC1,2.75,EM
9eii,3,F,P45880,VDAC2_HUMAN,PC1,2.75,EM
9eii,4,I,O96008,TOM40_HUMAN,PC1,2.75,EM
9eii,4,J,O96008,TOM40_HUMAN,PC1,2.75,EM
9eii,5,L,Q8N4H5,TOM5_HUMAN,PC1,2.75,EM
9eii,5,Z,Q8N4H5,TOM5_HUMAN,PC1,2.75,EM
9eii,6,N,Q9P0U1,TOM7_HUMAN,PC1,2.75,EM
9eii,6,X,Q9P0U1,TOM7_HUMAN,PC1,2.75,EM
9eii,7,P,Q96B49,TOM6_HUMAN,PC1,2.75,EM
9eii,7,V,Q96B49,TOM6_HUMAN,PC1,2.75,EM
9eii,8,R,Q9NS69,TOM22_HUMAN,PC1,2.75,EM
9eii,8,T,Q9NS69,TOM22_HUMAN,PC1,2.75,EM
9eij,1,D,Q15388,TOM20_HUMAN,PC1,3.30,EM
9eij,2,E,P45880,VDAC2_HUMAN,PC1,3.30,EM
9eij,2,F,P45880,VDAC2_HUMAN,PC1,3.30,EM
9eij,3,I,O96008,TOM40_HUMAN,PC1,3.30,EM
9eij,3,J,O96008,TOM40_HUMAN,PC1,3.30,EM
9eij,4,K,Q8N4H5,TOM5_HUMAN,PC1,3.30,EM
9eij,4,L,Q8N4H5,TOM5_HUMAN,PC1,3.30,EM
9eij,4,Z,Q8N4H5,TOM5_HUMAN,PC1,3.30,EM
9eij,5,N,Q9P0U1,TOM7_HUMAN,PC1,3.30,EM
9eij,5,X,Q9P0U1,TOM7_HUMAN,PC1,3.30,EM
9eij,6,P,Q96B49,TOM6_HUMAN,PC1,3.30,EM
9eij,6,V,Q96B49,TOM6_HUMAN,PC1,3.30,EM
9eij,7,R,Q9NS69,TOM22_HUMAN,PC1,3.30,EM
9eij,7,T,Q9NS69,TOM22_HUMAN,PC1,3.30,EM
9eij,8,B,Q9BXM7,PINK1_HUMAN,PC1,3.30,EM
